,Calories,Duration
count,3.0,3.0
mean,396.6666666666667,45.0
std,20.816659994661325,5.0
min,380.0,40.0
25%,385.0,42.5
50%,390.0,45.0
75%,405.0,47.5
max,420.0,50.0
